Dorothy,Shane,dshane0@bluehost.com,Female,168.184.177.90,Temp,true,Russia,Mustang,#5e9613
Walden,Darnbrook,wdarnbrook1@marriott.com,Male,214.39.135.170,Zamit,true,Nigeria,Mazda3,#447b7e
Irving,Clacson,iclacson2@vinaora.com,Male,203.191.49.4,Lotstring,false,Indonesia,1500 Club Coupe,#05abdb
Teodoro,Fothergill,tfothergill3@posterous.com,Male,19.104.173.97,Bamity,false,Indonesia,Sierra Denali,#7af803
Roarke,Playhill,rplayhill4@wp.com,Male,94.178.29.253,Span,true,China,Freestar,#5abbfc
Francine,Mullarkey,fmullarkey5@rakuten.co.jp,Female,88.33.15.187,Tempsoft,true,Kazakhstan,SC,#3a6122
Alyson,Rousell,arousell6@vkontakte.ru,Female,149.49.219.39,Fintone,false,Botswana,Talon,#d3421a
Spense,Kite,skite7@mtv.com,Male,23.173.222.214,Fix San,false,France,C70,#1aba76
Any,Killingworth,akillingworth8@miitbeian.gov.cn,Male,123.232.82.55,Fix San,false,China,Tahoe,#fc9d86
Muffin,Bittlestone,mbittlestone9@cornell.edu,Female,137.234.174.127,Tampflex,false,Sweden,Intrepid,#9a3bcd
